site,event_index,onset_sample,peak_sample,onset_s_from_start,peak_s_from_start,peak_envelope,robust_z_peak
L1,0,945,949,7.3828125,7.4140625,0.1094282980568334,9.080928592900463
L1,1,7447,7451,58.1796875,58.2109375,0.0805853686911892,6.188286913822117
L1,2,8660,8665,67.65625,67.6953125,0.08561938033202815,6.693145199908729
L1,3,9781,9785,76.4140625,76.4453125,0.11672154306514348,9.812364163099407
L1,4,26180,26183,204.53125,204.5546875,0.11295206427707775,9.434325188190414
L1,5,29433,29437,229.9453125,229.9765625,0.10953918233980095,9.092049117254993
L1,6,30627,30634,239.2734375,239.328125,0.11051035153815768,9.189447147288309
L1,7,30991,31006,242.1171875,242.234375,0.1170159027491699,9.84188533551088
L1,8,31205,31209,243.7890625,243.8203125,0.08660070302226419,6.79156151811333
L1,9,31365,31369,245.0390625,245.0703125,0.08909642965111039,7.041856582621767
L1,10,31929,31942,249.4453125,249.546875,0.08705549080397205,6.837171937076903
L1,11,32213,32218,251.6640625,251.703125,0.09398603974337644,7.532232916038793
L1,12,32320,32324,252.5,252.53125,0.0904824437467227,7.180859181488642
L1,13,32406,32432,253.171875,253.375,0.08557315706763398,6.688509493894455
L1,14,32503,32527,253.9296875,254.1171875,0.10116462935562733,8.252169759004882
L1,15,32759,32769,255.9296875,256.0078125,0.10046787143480383,8.18229228655915
L1,16,32905,32933,257.0703125,257.2890625,0.08718176989320349,6.849836398168085
L1,17,33011,33017,257.8984375,257.9453125,0.09388373437066061,7.521972765921588
L1,18,33094,33100,258.546875,258.59375,0.09465356539214693,7.599178699839358
L1,19,33374,33382,260.734375,260.796875,0.10105258134690785,8.240932525228422
L1,20,33494,33500,261.671875,261.71875,0.10114800961630324,8.250502974398685
L1,21,33587,33591,262.3984375,262.4296875,0.09767240297324041,7.901936276877997
L1,22,33664,33668,263.0,263.03125,0.09784682689049558,7.919429156553436
L1,23,33780,33793,263.90625,264.0078125,0.1002830199595013,8.16375363276568
L1,24,33856,33861,264.5,264.5390625,0.08232678841059371,6.3629329491557725
L1,25,33977,33982,265.4453125,265.484375,0.0990548619732582,8.040582337143697
L1,26,34105,34124,266.4453125,266.59375,0.09567803700080699,7.701922399575083
L1,27,34214,34218,267.296875,267.328125,0.10364120702753264,8.500544385049672
L1,28,34303,34312,267.9921875,268.0625,0.10255243374818553,8.391351905777519
L1,29,34374,34378,268.546875,268.578125,0.09782261841730737,7.917001301960606
L1,30,34445,34448,269.1015625,269.125,0.08851263291174587,6.983307925549253
L1,31,34508,34512,269.59375,269.625,0.09678610861600775,7.813050298440698
L1,32,34572,34576,270.09375,270.125,0.08995414202950858,7.127876089966651
L1,33,34651,34658,270.7109375,270.765625,0.08914585692684383,7.04681361718845
L1,34,34726,34732,271.296875,271.34375,0.09303555129162469,7.436908946820372
L1,35,34831,34836,272.1171875,272.15625,0.09936593906516693,8.071780089287884
L1,36,34919,34924,272.8046875,272.84375,0.10028478282992775,8.16393043008074
L1,37,35023,35045,273.6171875,273.7890625,0.10396145118205191,8.53266149691096
L1,38,35145,35150,274.5703125,274.609375,0.10458265111627331,8.594961300027002
L1,39,35215,35220,275.1171875,275.15625,0.09447640577197561,7.581411458008239
L1,40,35363,35368,276.2734375,276.3125,0.09800486674688334,7.935278887686756
L1,41,35521,35525,277.5078125,277.5390625,0.09357459801429618,7.490969649088272
L1,42,35650,35654,278.515625,278.546875,0.09587828302508997,7.722004964302389
L1,43,35728,35733,279.125,279.1640625,0.09024429372499922,7.156975245499418
L1,44,35793,35797,279.6328125,279.6640625,0.09710034710056267,7.844565104931772
L1,45,35857,35861,280.1328125,280.1640625,0.07954130420193081,6.083578254760885
L1,46,35935,35940,280.7421875,280.78125,0.09628385533693154,7.762679590594353
L1,47,36035,36039,281.5234375,281.5546875,0.10922984726003918,9.061026070560375
L1,48,36157,36161,282.4765625,282.5078125,0.0874577025870979,6.877509537774009
L1,49,36257,36262,283.2578125,283.296875,0.09287714678784498,7.42102264539869
L1,50,36385,36389,284.2578125,284.2890625,0.09125647480514323,7.258486334823327
L1,51,36465,36471,284.8828125,284.9296875,0.0850196632928116,6.632999904633777
L1,52,36585,36591,285.8203125,285.8671875,0.10144116821716899,8.27990369083405
L1,53,36663,36672,286.4296875,286.5,0.2617431939052608,24.356506551373815
L1,54,44966,44970,351.296875,351.328125,0.14896916921890868,13.046461028961724
L1,55,51434,51446,401.828125,401.921875,0.34412432001840954,32.61846482694861
L1,56,62302,62306,486.734375,486.765625,0.10310432050633352,8.446700328211055
L1,57,66321,66344,518.1328125,518.3125,0.0968278547675938,7.817236997249551
L1,58,66403,66414,518.7734375,518.859375,0.09651681086856427,7.786042574001143
L1,59,70675,70677,552.1484375,552.1640625,0.08416354961399627,6.5471407299994535
L1,60,71210,71240,556.328125,556.5625,0.12745493275246966,10.888809969756325
L1,61,71888,71894,561.625,561.671875,0.08781558123791665,6.913400992774546
L1,62,71987,71992,562.3984375,562.4375,0.09123266527702971,7.256098490214784
L1,63,72062,72066,562.984375,563.015625,0.08926923152740356,7.059186788692443
L1,64,72125,72130,563.4765625,563.515625,0.09506851217949341,7.640793487174647
L1,65,72211,72215,564.1484375,564.1796875,0.08866683338880714,6.998772607420731
L1,66,72290,72294,564.765625,564.796875,0.09424777035248116,7.558481736295195
L1,67,72417,72423,565.7578125,565.8046875,0.12500393877817517,10.643001118812805
L1,68,72492,72506,566.34375,566.453125,0.08896052867967487,7.028227148204129
L1,69,85123,85126,665.0234375,665.046875,0.08398222816642775,6.528956100765077
L1,70,99981,99985,781.1015625,781.1328125,0.13183128782201586,11.32771223644821
L1,71,112060,112063,875.46875,875.4921875,0.09501123947503759,7.635049638833785
L1,72,112486,112492,878.796875,878.84375,0.09347862308698039,7.481344375892865
L1,73,112577,112583,879.5078125,879.5546875,0.07878095013740796,6.007322759696114
L1,74,131067,131072,1023.9609375,1024.0,0.27710967758610583,25.897602831595446
L1,75,135017,135020,1054.8203125,1054.84375,0.08162907384087649,6.292959534913452
L1,76,155993,155997,1218.6953125,1218.7265625,0.08310376903309304,6.440855912665676
L1,77,182295,182299,1424.1796875,1424.2109375,0.09169607613827198,7.3025737131289885
L1,78,183855,183859,1436.3671875,1436.3984375,0.1350702318419273,11.652544168372476
L1,79,183945,183949,1437.0703125,1437.1015625,0.09893281080813861,8.02834189225929
L1,80,188624,188627,1473.625,1473.6484375,0.08702779814304039,6.834394655192666
L1,81,191356,191360,1494.96875,1495.0,0.12020510660714907,10.161728853681977
L1,82,191839,191843,1498.7421875,1498.7734375,0.08389324146602911,6.52003167304161
L1,83,191907,191910,1499.2734375,1499.296875,0.09202114690330812,7.335174883130585
L1,84,192057,192061,1500.4453125,1500.4765625,0.090275648668335,7.160119815691594
L1,85,196469,196474,1534.9140625,1534.953125,0.08633148030707682,6.7645613186178775
L1,86,196602,196608,1535.953125,1536.0,0.3888434737360766,37.103324400571395
L1,87,197591,197597,1543.6796875,1543.7265625,0.10877111796229182,9.015020359099637
L1,88,203044,203048,1586.28125,1586.3125,0.13038074692367418,11.182238279674985
L1,89,207777,207782,1623.2578125,1623.296875,0.2831583346709255,26.50421935671313
L1,90,210204,210209,1642.21875,1642.2578125,0.27272915294679173,25.458282401022164
L1,91,211293,211296,1650.7265625,1650.75,0.09628633406657595,7.762928181040551
L1,92,211717,211720,1654.0390625,1654.0625,0.08118704950976194,6.2486291554592865
L1,93,218709,218712,1708.6640625,1708.6875,0.09895211121793702,8.030277519847544
L1,94,235256,235260,1837.9375,1837.96875,0.1048746473469833,8.62424544299244
L1,95,243066,243071,1898.953125,1898.9921875,0.1358089781275493,11.726632631058235
L1,96,249246,249250,1947.234375,1947.265625,0.13005671747990544,11.149741543216223
L1,97,256240,256245,2001.875,2001.9140625,0.09866534799503326,8.001518192385253
L1,98,256579,256583,2004.5234375,2004.5546875,0.11960673885168503,10.101718877339785
L1,99,256671,256676,2005.2421875,2005.28125,0.09523785473738806,7.657776760086979
L1,100,256749,256763,2005.8515625,2005.9609375,0.09865118648176165,8.000097941931182
L1,101,256982,256986,2007.671875,2007.703125,0.096964408821887,7.830931928991336
L1,102,257098,257102,2008.578125,2008.609375,0.0853246746730115,6.663589329853892
L1,103,257419,257423,2011.0859375,2011.1171875,0.0921500277276635,7.34810027082052
L1,104,257524,257528,2011.90625,2011.9375,0.08826066330663632,6.958038031067973
L1,105,257594,257598,2012.453125,2012.484375,0.08618869773019457,6.750241731737505
L1,106,257698,257723,2013.265625,2013.4609375,0.0898773395570853,7.120173611831664
L1,107,259044,259051,2023.78125,2023.8359375,0.09071749471361004,7.204432314956002
L1,108,259173,259177,2024.7890625,2024.8203125,0.0934516794180431,7.478642210007865
L1,109,259288,259293,2025.6875,2025.7265625,0.10418571099621199,8.555152391547843
L1,110,259368,259391,2026.3125,2026.4921875,0.10137533115403043,8.273300927624792
L1,111,259458,259462,2027.015625,2027.046875,0.0861674083265996,6.748106629044542
L1,112,259555,259559,2027.7734375,2027.8046875,0.08684615655219438,6.816177918963331
L1,113,259640,259645,2028.4375,2028.4765625,0.08974414050532559,7.106815151466927
L1,114,259729,259732,2029.1328125,2029.15625,0.09338636347086259,7.472091709234255
L1,115,259791,259798,2029.6171875,2029.671875,0.09257809610306017,7.391031015075736
L1,116,259887,259892,2030.3671875,2030.40625,0.10078856570672612,8.214454540449665
L1,117,259964,259969,2030.96875,2031.0078125,0.09542462177025506,7.676507524105434
L1,118,260041,260048,2031.5703125,2031.625,0.09045529240220819,7.178136187933098
L1,119,260124,260128,2032.21875,2032.25,0.08718298186791308,6.849957946451704
L1,120,260235,260239,2033.0859375,2033.1171875,0.10286517399367519,8.422716454688635
L1,121,260396,260400,2034.34375,2034.375,0.09357988478538648,7.491499856481899
L1,122,260494,260498,2035.109375,2035.140625,0.08530921015362129,6.662038401625767
L1,123,260565,260569,2035.6640625,2035.6953125,0.09660976648785369,7.795365042438809
L1,124,260620,260634,2036.09375,2036.203125,0.08395436640135238,6.52616185951836
L1,125,260702,260708,2036.734375,2036.78125,0.092381618411801,7.371326374415267
L1,126,260814,260818,2037.609375,2037.640625,0.08808915173589559,6.940837229038491
L1,127,260897,260911,2038.2578125,2038.3671875,0.09273142557963647,7.406408344782899
L1,128,260999,261012,2039.0546875,2039.15625,0.09943137067063516,8.078342189368186
L1,129,261121,261126,2040.0078125,2040.046875,0.08730377193600533,6.862071916601994
L1,130,262139,262144,2047.9609375,2048.0,0.2890740907440256,27.097507311739403
L1,131,264490,264493,2066.328125,2066.3515625,0.08874547047206187,7.00665907767693
L1,132,277667,277671,2169.2734375,2169.3046875,0.11120126870364926,9.258738853562505
L1,133,282896,282901,2210.125,2210.1640625,0.16610117082639614,14.764620140597735
L1,134,284157,284162,2219.9765625,2220.015625,0.10162693063482998,8.298533702540581
L1,135,285467,285471,2230.2109375,2230.2421875,0.11969356699556737,10.110426824605717
L1,136,289566,289569,2262.234375,2262.2578125,0.09255953359199012,7.389169390949113
L1,137,294987,294991,2304.5859375,2304.6171875,0.09965352864441866,8.100622291578302
L1,138,299239,299243,2337.8046875,2337.8359375,0.0953516469551265,7.669188919636107
L1,139,305795,305799,2389.0234375,2389.0546875,0.08724338640899101,6.856015884981891
L1,140,312381,312385,2440.4765625,2440.5078125,0.10071573499517224,8.207150388049369
L1,141,315045,315049,2461.2890625,2461.3203125,0.10333493649419088,8.469828680046657
L1,142,327068,327071,2555.21875,2555.2421875,0.08334956275777397,6.465506431461968
L1,143,327329,327340,2557.2578125,2557.34375,0.12296586938246282,10.438604248988835
L1,144,327675,327680,2559.9609375,2560.0,0.1835571671398956,16.5152725048618
L1,145,333032,333037,2601.8125,2601.8515625,0.16425303501107724,14.57927160611924
L1,146,336200,336204,2626.5625,2626.59375,0.13416355295090393,11.56161383614212
L1,147,348742,348745,2724.546875,2724.5703125,0.09507300500925991,7.641244070625268
L1,148,349918,349924,2733.734375,2733.78125,0.7340167746376525,71.72056677686943
L1,149,356606,356610,2785.984375,2786.015625,0.088550179841325,6.987073486669803
L1,150,382959,382963,2991.8671875,2991.8984375,0.09963827835575578,8.099092848433155
L1,151,391682,391685,3060.015625,3060.0390625,0.0815452289186158,6.28455077331938
L1,152,392286,392290,3064.734375,3064.765625,0.08201757520253505,6.3319221249078925
L1,153,393210,393216,3071.953125,3072.0,0.6311448743584372,61.403599918846446
L1,154,396107,396125,3094.5859375,3094.7265625,0.12526870167067242,10.669554045119352
L1,155,401842,401873,3139.390625,3139.6328125,0.08968711073123282,7.101095666479885
L1,156,402314,402317,3143.078125,3143.1015625,0.09122410667171409,7.255240152348442
L1,157,403044,403049,3148.78125,3148.8203125,0.10405064505286597,8.541606701642571
L1,158,403154,403160,3149.640625,3149.6875,0.08416498626923684,6.5472848113711715
L1,159,403220,403225,3150.15625,3150.1953125,0.08426535239467442,6.5573504754348955
L1,160,403280,403292,3150.625,3150.71875,0.10502721846007722,8.639546716838934
L1,161,403373,403377,3151.3515625,3151.3828125,0.08807308471520692,6.9392258762832455
L1,162,403451,403455,3151.9609375,3151.9921875,0.09876455613921402,8.011467723139335
L1,163,403522,403533,3152.515625,3152.6015625,0.08304900166006099,6.435363322648975
L1,164,403627,403633,3153.3359375,3153.3828125,0.09077186081032743,7.209884661189628
L1,165,416465,416469,3253.6328125,3253.6640625,0.0987209273871648,8.00709221935524
L1,166,419226,419230,3275.203125,3275.234375,0.09561395512163372,7.695495662809884
L1,167,425296,425301,3322.625,3322.6640625,0.1474703769748096,12.89614797099874
L1,168,426405,426409,3331.2890625,3331.3203125,0.12083515521980412,10.2249160859394
L1,169,431658,431662,3372.328125,3372.359375,0.13395925800239514,11.54112520700913
L1,170,431714,431730,3372.765625,3372.890625,0.6107789050384917,59.36110794645072
L1,171,449369,449374,3510.6953125,3510.734375,0.21119814344676488,19.287370966223524
L1,172,451707,451712,3528.9609375,3529.0,0.16779053457814935,14.934045511283774
L1,173,452215,452219,3532.9296875,3532.9609375,0.1032715493197263,8.463471614838376
L1,174,452683,452686,3536.5859375,3536.609375,0.08400206974879855,6.53094600225591
L1,175,453019,453023,3539.2109375,3539.2421875,0.10906017650601255,9.044009883036695
L1,176,458746,458752,3583.953125,3584.0,0.5542550846843153,53.69236478432302
L1,177,459559,459564,3590.3046875,3590.34375,0.1675631000540093,14.91123622671185
L1,178,466073,466077,3641.1953125,3641.2265625,0.11317530859947754,9.456714239711665
L1,179,472236,472239,3689.34375,3689.3671875,0.08856090737884029,6.988149345565311
L1,180,472370,472374,3690.390625,3690.421875,0.13077337653818852,11.22161488990021
L1,181,472563,472567,3691.8984375,3691.9296875,0.08777803339965738,6.909635340522961
L1,182,473352,473359,3698.0625,3698.1171875,0.10979605591858767,9.117810828585798
L1,183,481110,481121,3758.671875,3758.7578125,0.5379901459759259,52.06116293866087
L1,184,481580,481596,3762.34375,3762.46875,0.08888088903921113,7.0202401320314
L1,185,481768,481773,3763.8125,3763.8515625,0.09661870732916103,7.796261714544606
L1,186,481931,481935,3765.0859375,3765.1171875,0.0982197768307161,7.956832102960699
L1,187,482662,482676,3770.796875,3770.90625,0.10238924924582929,8.37498622090164
L1,188,482758,482766,3771.546875,3771.609375,0.09339173215924722,7.472630132068722
L1,189,482915,482921,3772.7734375,3772.8203125,0.11334877364350417,9.474110954513188
L1,190,483046,483050,3773.796875,3773.828125,0.095437724878068,7.67782162765243
L1,191,483122,483142,3774.390625,3774.546875,0.0815849044630578,6.288529812065344
L1,192,500370,500374,3909.140625,3909.171875,0.08332381466540127,6.462924169299558
L1,193,510922,510927,3991.578125,3991.6171875,0.13634944450215264,11.780835709445281
L1,194,514256,514259,4017.625,4017.6484375,0.12934412805824905,11.078276338173325
L1,195,514636,514639,4020.59375,4020.6171875,0.08164089693366593,6.2941452664507995
L1,196,521112,521116,4071.1875,4071.21875,0.19674878740665847,17.83825291765111
L1,197,524283,524288,4095.9609375,4096.0,0.30530167298767846,28.724962697896345
L1,198,534546,534549,4176.140625,4176.1640625,0.09972370970356878,8.107660711781948
L1,199,549909,549913,4296.1640625,4296.1953125,0.09558882573511034,7.692975450320171
L1,200,557004,557008,4351.59375,4351.625,0.08093665149117565,6.223516874534587
L1,201,557335,557341,4354.1796875,4354.2265625,0.10130136018966296,8.265882419890767
L1,202,558490,558493,4363.203125,4363.2265625,0.08564094662252636,6.695308071438434
L1,203,558803,558808,4365.6484375,4365.6875,0.08704554406458402,6.836174384000376
L1,204,558912,558916,4366.5,4366.53125,0.08839205545382103,6.971215277956871
L1,205,559219,559224,4368.8984375,4368.9375,0.08908314607531558,7.040524380039146
L1,206,559354,559360,4369.953125,4370.0,0.09430935887064278,7.564658415242348
L1,207,559750,559754,4373.046875,4373.078125,0.0832561585499209,6.456138974321541
L1,208,559938,559944,4374.515625,4374.5625,0.09123456974835213,7.256289488606591
L1,209,560087,560091,4375.6796875,4375.7109375,0.08409834987132939,6.540601883313233
L1,210,560243,560248,4376.8984375,4376.9375,0.09740969297866112,7.875589234585694
L1,211,560887,560893,4381.9296875,4381.9765625,0.0856979046400635,6.701020359999589
L1,212,561075,561094,4383.3984375,4383.546875,0.08598211066403957,6.729523227373996
L1,213,561196,561212,4384.34375,4384.46875,0.08259139296352841,6.389469995673818
L1,214,561266,561276,4384.890625,4384.96875,0.09039431628655899,7.172020926500419
L1,215,561331,561356,4385.3984375,4385.59375,0.11180427094894213,9.319213620365826
L1,216,562256,562274,4392.625,4392.765625,0.10638414440727267,8.775632081141621
L1,217,562340,562346,4393.28125,4393.328125,0.09339861097769388,7.473320005024737
L1,218,562419,562425,4393.8984375,4393.9453125,0.10466794174597034,8.603515050832575
L1,219,562670,562681,4395.859375,4395.9453125,0.10852149277405532,8.989985584909855
L1,220,562744,562752,4396.4375,4396.5,0.10397503263157791,8.534023573087868
L1,221,562922,562930,4397.828125,4397.890625,0.10280353298687875,8.416534511684878
L1,222,575546,575551,4496.453125,4496.4921875,0.0947386258708904,7.607709368931131
L1,223,576821,576826,4506.4140625,4506.453125,0.0800118878532834,6.130772832889167
L1,224,576935,576938,4507.3046875,4507.328125,0.08441382973661628,6.572241187201898
L1,225,577094,577098,4508.546875,4508.578125,0.08253710356878535,6.384025341839427
L1,226,578988,578991,4523.34375,4523.3671875,0.07892619316506388,6.021889103844691
L1,227,579285,579290,4525.6640625,4525.703125,0.08996098762393306,7.128562630903575
L1,228,579877,579883,4530.2890625,4530.3359375,0.08949045504629294,7.081373174930104
L1,229,579956,579964,4530.90625,4530.96875,0.0787140955831798,6.0006179528595744
L1,230,582239,582242,4548.7421875,4548.765625,0.08386272741082548,6.516971435062286
L1,231,582304,582308,4549.25,4549.28125,0.08483694109308867,6.614674794728644
L1,232,582615,582620,4551.6796875,4551.71875,0.0859812667515407,6.729438591849056
L1,233,584284,584288,4564.71875,4564.75,0.08297957002719811,6.42840006199956
L1,234,584379,584383,4565.4609375,4565.4921875,0.09873171583566379,8.008174186980135
L1,235,584476,584479,4566.21875,4566.2421875,0.08371456326303571,6.502112133366242
L1,236,584643,584646,4567.5234375,4567.546875,0.09384610927951505,7.518199366020108
L1,237,584739,584742,4568.2734375,4568.296875,0.09278240960443732,7.41152150486579
L1,238,584925,584931,4569.7265625,4569.7734375,0.08694267840786983,6.825858043306089
L1,239,585699,585704,4575.7734375,4575.8125,0.09213692255097715,7.346785959787336
L1,240,585793,585797,4576.5078125,4576.5390625,0.1301165790445634,11.15574502693694
L1,241,587591,587595,4590.5546875,4590.5859375,0.08573403629625681,6.704643984122991
L1,242,587837,587841,4592.4765625,4592.5078125,0.08281176262881162,6.411570749398301
L1,243,587917,587920,4593.1015625,4593.125,0.08614057779620485,6.745415809762361
L1,244,587981,587984,4593.6015625,4593.625,0.0825824392772965,6.388572035357531
L1,245,588093,588096,4594.4765625,4594.5,0.07972858856185329,6.102360901228015
L1,246,588202,588207,4595.328125,4595.3671875,0.10989424341550191,9.127657999181334
L1,247,589103,589109,4602.3671875,4602.4140625,0.07901522718659122,6.030818277378385
L1,248,589818,589824,4607.953125,4608.0,0.47309468832319174,45.552832830805684
L1,249,593792,593797,4639.0,4639.0390625,0.09261967951227004,7.395201392540305
L1,250,593857,593861,4639.5078125,4639.5390625,0.08338441476172413,6.469001719958766
L1,251,593986,593991,4640.515625,4640.5546875,0.08346423361135705,6.4770067089214765
L1,252,594234,594239,4642.453125,4642.4921875,0.08067808628240404,6.19758551055381
L1,253,594334,594337,4643.234375,4643.2578125,0.0908184132011225,7.214553375111417
L1,254,594736,594740,4646.375,4646.40625,0.0927075185385795,7.404010720654358
L1,255,595589,595593,4653.0390625,4653.0703125,0.08658956250668949,6.790444241873137
L1,256,596093,596096,4656.9765625,4657.0,0.08216217594545866,6.346424054670434
L1,257,596205,596210,4657.8515625,4657.890625,0.09865044234169408,8.000023312529043
L1,258,596316,596320,4658.71875,4658.75,0.0887356725841296,7.005676452831839
L1,259,596416,596422,4659.5,4659.546875,0.07899518868310736,6.028808626776362
L1,260,596507,596511,4660.2109375,4660.2421875,0.08007351435644657,6.136953321331438
L1,261,597830,597834,4670.546875,4670.578125,0.07981349952708418,6.110876575691032
L1,262,598756,598759,4677.78125,4677.8046875,0.09274396152992435,7.407665568410565
L1,263,598836,598840,4678.40625,4678.4375,0.0862486667597124,6.756255993050496
L1,264,599170,599174,4681.015625,4681.046875,0.08308110782452714,6.438583232399224
L1,265,600201,600205,4689.0703125,4689.1015625,0.10183500389073186,8.319401256064467
L1,266,600899,600905,4694.5234375,4694.5703125,0.08114016937292962,6.243927572065902
L1,267,602404,602408,4706.28125,4706.3125,0.15571587282154364,13.723084259215717
L1,268,603345,603349,4713.6328125,4713.6640625,0.11657181037278257,9.797347552922506
L1,269,604846,604849,4725.359375,4725.3828125,0.08029247675704738,6.158912941247278
L1,270,605097,605101,4727.3203125,4727.3515625,0.08242341043073585,6.372623118938349
L1,271,605269,605273,4728.6640625,4728.6953125,0.079016959273891,6.030991987470437
L1,272,607493,607496,4746.0390625,4746.0625,0.07943366212893314,6.072782889878623
L1,273,608132,608135,4751.03125,4751.0546875,0.09071503260666161,7.204185391590934
L1,274,609169,609173,4759.1328125,4759.1640625,0.07878896059926883,6.008126124553882
L1,275,609614,609618,4762.609375,4762.640625,0.07945821553384032,6.075245337485709
L1,276,610080,610084,4766.25,4766.28125,0.0814928479549117,6.279297514994612
L1,277,610317,610321,4768.1015625,4768.1328125,0.09535523513534291,7.6695487762759935
L1,278,611706,611710,4778.953125,4778.984375,0.0923101847752269,7.364162333903884
L1,279,611853,611858,4780.1015625,4780.140625,0.0853396350913456,6.6650897020616195
L1,280,612053,612059,4781.6640625,4781.7109375,0.08278011977784029,6.408397305106144
L1,281,612359,612364,4784.0546875,4784.09375,0.08223816337318911,6.354044792417027
L1,282,615958,615962,4812.171875,4812.203125,0.08695280276119652,6.826873409187799
L1,283,616070,616075,4813.046875,4813.0859375,0.08439837617786428,6.570691358210207
L1,284,616198,616203,4814.046875,4814.0859375,0.0850563873567522,6.636682941007545
L1,285,616940,616946,4819.84375,4819.890625,0.0793122411640888,6.060605647436633
L1,286,617084,617092,4820.96875,4821.03125,0.08147220660836371,6.277227405589977
L1,287,618730,618734,4833.828125,4833.859375,0.09065633896409028,7.198299038140269
L1,288,619879,619883,4842.8046875,4842.8359375,0.0858496557057646,6.7162393917396335
L1,289,620179,620186,4845.1484375,4845.203125,0.10239666338734289,8.37572978111652
L1,290,620524,620529,4847.84375,4847.8828125,0.09335067410875662,7.468512442544014
L1,291,621315,621322,4854.0234375,4854.078125,0.10312500883674384,8.448775149601657
L1,292,621506,621512,4855.515625,4855.5625,0.0949166489404047,7.625563205626649
L1,293,621732,621737,4857.28125,4857.3203125,0.0799441160109731,6.123976031730398
L1,294,622064,622068,4859.875,4859.90625,0.08297766620823725,6.42820912903274
L1,295,622145,622148,4860.5078125,4860.53125,0.08065194018800186,6.194963332984601
L1,296,625126,625128,4883.796875,4883.8125,0.08160098982879084,6.290143004635101
L1,297,625180,625196,4884.21875,4884.34375,0.09473424829964436,7.60727034469476
L1,298,625530,625533,4886.953125,4886.9765625,0.0810282867942105,6.232706929174089
L1,299,626834,626839,4897.140625,4897.1796875,0.09066181545912347,7.198848272844811
L1,300,627029,627033,4898.6640625,4898.6953125,0.08694089044088259,6.825678729070612
L1,301,629645,629650,4919.1015625,4919.140625,0.08450205228422944,6.581088978458643
L1,302,630142,630147,4922.984375,4923.0234375,0.11661700378380094,9.80187997550255
L1,303,631007,631011,4929.7421875,4929.7734375,0.079022931620776,6.031590950887171
L1,304,631226,631230,4931.453125,4931.484375,0.09465652253332124,7.599475269917357
L1,305,631388,631394,4932.71875,4932.765625,0.09650796023241712,7.785154948521736
L1,306,631626,631631,4934.578125,4934.6171875,0.09616001401458663,7.750259611816686
L1,307,631757,631762,4935.6015625,4935.640625,0.08628164192123965,6.759563054042772
L1,308,631947,631951,4937.0859375,4937.1171875,0.07955592685521473,6.0850447526956675
L1,309,632233,632237,4939.3203125,4939.3515625,0.07972333929434622,6.1018344550483254
L1,310,632378,632382,4940.453125,4940.484375,0.08089951353175773,6.219792328808793
L1,311,632571,632574,4941.9609375,4941.984375,0.07914971822049498,6.044306309928773
L1,312,632700,632705,4942.96875,4943.0078125,0.08250160278012095,6.380464987076949
L1,313,632764,632771,4943.46875,4943.5234375,0.10277034306241847,8.413205912235004
L1,314,635163,635166,4962.2109375,4962.234375,0.08088407053279158,6.218243558852276
L1,315,635614,635620,4965.734375,4965.78125,0.08177042285058056,6.307135350122202
L1,316,636314,636317,4971.203125,4971.2265625,0.09804712346477362,7.939516790912219
L1,317,637474,637478,4980.265625,4980.296875,0.1042294246074854,8.55953640581732
L1,318,638976,638981,4992.0,4992.0390625,0.15651923081324504,13.803652594718564
L1,319,639094,639098,4992.921875,4992.953125,0.0815344902633163,6.283473799427345
L1,320,639174,639179,4993.546875,4993.5859375,0.08683115403618577,6.814673324802752
L1,321,640148,640152,5001.15625,5001.1875,0.07897484776976547,6.026768647654362
L1,322,640258,640263,5002.015625,5002.0546875,0.08334710737676225,6.465260182637432
L1,323,640388,640392,5003.03125,5003.0625,0.08316047007561964,6.446542429342965
L1,324,640967,640972,5007.5546875,5007.59375,0.09029902655753703,7.162464371468762
L1,325,642034,642040,5015.890625,5015.9375,0.11824305112314952,9.964955377668765
L1,326,642222,642227,5017.359375,5017.3984375,0.08020557817431039,6.15019792970697
L1,327,642744,642750,5021.4375,5021.484375,0.08392347117577907,6.523063394170234
L1,328,643185,643189,5024.8828125,5024.9140625,0.08141947963504562,6.271939446149448
L1,329,643330,643335,5026.015625,5026.0546875,0.09115786695619167,7.24859700735088
L1,330,643509,643513,5027.4140625,5027.4453125,0.09669854074060184,7.804268163903103
L1,331,643656,643659,5028.5625,5028.5859375,0.08007509128339937,6.137111470476787
L1,332,646280,646284,5049.0625,5049.09375,0.07939357692045763,6.068762766149828
L1,333,648223,648227,5064.2421875,5064.2734375,0.11777629071896369,9.918144230916813
L1,334,648992,648997,5070.25,5070.2890625,0.07945825273362248,6.075249068231604
L1,335,649106,649110,5071.140625,5071.171875,0.07938449057120375,6.067851501131312
L1,336,650809,650814,5084.4453125,5084.484375,0.08102276864337317,6.232153516831635
L1,337,651378,651383,5088.890625,5088.9296875,0.0885305158737173,6.9851013980668375
L1,338,651490,651494,5089.765625,5089.796875,0.07995791643368941,6.125360068609315
L1,339,655354,655360,5119.953125,5120.0,0.6851116400777983,66.81589746414447
L1,340,656457,656461,5128.5703125,5128.6015625,0.07967352169835347,6.0968382754753945
L1,341,662562,662566,5176.265625,5176.296875,0.07941753652687496,6.071165662029731
L1,342,662856,662861,5178.5625,5178.6015625,0.10347445242477385,8.483820656748591
L1,343,664004,664007,5187.53125,5187.5546875,0.08935042975896607,7.067330115117702
L1,344,667297,667300,5213.2578125,5213.28125,0.09054306806181409,7.186939161034956
L1,345,667368,667371,5213.8125,5213.8359375,0.08115859267546621,6.245775235044515
L1,346,667916,667920,5218.09375,5218.125,0.07974204282966241,6.103710222419797
L1,347,668128,668132,5219.75,5219.78125,0.09000634451646829,7.133111448955918
L1,348,668257,668261,5220.7578125,5220.7890625,0.08060968832086592,6.190725916238649
L1,349,668347,668350,5221.4609375,5221.484375,0.08227035377205424,6.357273149989276
L1,350,672572,672578,5254.46875,5254.515625,0.08582999658144483,6.714267788867377
L1,351,672930,672935,5257.265625,5257.3046875,0.09025051249613052,7.157598922669619
L1,352,675596,675602,5278.09375,5278.140625,0.1704826697940742,15.20403828603205
L1,353,676754,676758,5287.140625,5287.171875,0.10482225937588088,8.618991481899508
L1,354,677195,677200,5290.5859375,5290.625,0.07876275407442018,6.005497886448105
L1,355,677582,677586,5293.609375,5293.640625,0.08690148281295923,6.8217265595264
L1,356,683194,683197,5337.453125,5337.4765625,0.08068288367696336,6.198066638641645
L1,357,683325,683331,5338.4765625,5338.5234375,0.08141832652677389,6.271823801548824
L1,358,683418,683423,5339.203125,5339.2421875,0.11589175290013676,9.729144959329945
L1,359,684641,684644,5348.7578125,5348.78125,0.09261253831395923,7.3944852056506
L1,360,685838,685842,5358.109375,5358.140625,0.10503929124742811,8.640757490107873
L1,361,685933,685938,5358.8515625,5358.890625,0.0787523861911972,6.004458097085714
L1,362,686017,686024,5359.5078125,5359.5625,0.09500290265502212,7.634213543694418
L1,363,686096,686100,5360.125,5360.15625,0.08906758591731605,7.038963860266973
L1,364,686160,686168,5360.625,5360.6875,0.08123726999322814,6.253665740397529
L1,365,686357,686362,5362.1640625,5362.203125,0.09631547669758389,7.765850879634125
L1,366,687966,687972,5374.734375,5374.78125,0.1251306627228787,10.65571019421703
L1,367,689025,689030,5383.0078125,5383.046875,0.07918985534555487,6.048331640343544
L1,368,689285,689289,5385.0390625,5385.0703125,0.07883335322361412,6.012578236674567
L1,369,690382,690386,5393.609375,5393.640625,0.08041107109020576,6.170806702336782
L1,370,690807,690811,5396.9296875,5396.9609375,0.0880538709183108,6.937298935055796
L1,371,695842,695845,5436.265625,5436.2890625,0.08405940202831676,6.536695825347335
L1,372,696678,696682,5442.796875,5442.828125,0.08172000080632513,6.302078550762172
L1,373,697243,697247,5447.2109375,5447.2421875,0.08555242558073246,6.686430344362853
L1,374,697425,697430,5448.6328125,5448.671875,0.08861671723141382,6.993746485287524
L1,375,698276,698281,5455.28125,5455.3203125,0.09554696745777093,7.688777506480576
L1,376,698711,698715,5458.6796875,5458.7109375,0.0788679210571961,6.0160450258798885
L1,377,698839,698843,5459.6796875,5459.7109375,0.08291669030345013,6.422093888747305
L1,378,699948,699952,5468.34375,5468.375,0.0806282320981302,6.192585661562094
L1,379,701733,701744,5482.2890625,5482.375,0.08582355726083658,6.713621992910241
L1,380,710333,710336,5549.4765625,5549.5,0.0812623637735953,6.256182381965225
L1,381,712645,712648,5567.5390625,5567.5625,0.08019844993710819,6.149483042679788
L1,382,720891,720896,5631.9609375,5632.0,0.3469868836254498,32.905549772231616
L1,383,723872,723876,5655.25,5655.28125,0.11523889221017905,9.663669916262615
L1,384,725135,725139,5665.1171875,5665.1484375,0.10971146719712413,9.109327471774723
L1,385,726174,726177,5673.234375,5673.2578125,0.09921413370468071,8.056555612353408
L1,386,736498,736501,5753.890625,5753.9140625,0.097616773810492,7.896357258439946
L1,387,737434,737437,5761.203125,5761.2265625,0.08314646552049257,6.4451379201357355
L1,388,741078,741082,5789.671875,5789.703125,0.10029029310656253,8.16448305272371
L1,389,746788,746792,5834.28125,5834.3125,0.1539158047034355,13.54255640791425
L1,390,748712,748715,5849.3125,5849.3359375,0.09757307127006708,7.891974354459837
L1,391,753839,753843,5889.3671875,5889.3984375,0.13793403137855673,11.939753064360927
L1,392,760610,760613,5942.265625,5942.2890625,0.08243805033832399,6.374091347297903
L1,393,763580,763586,5965.46875,5965.515625,0.08455736622879159,6.586636383836452
L1,394,773008,773011,6039.125,6039.1484375,0.09195060258701354,7.3281000320657395
L1,395,786426,786431,6143.953125,6143.9921875,0.22862761905134812,21.035363583032773
L1,396,793023,793033,6195.4921875,6195.5703125,0.3854631001232104,36.76430857178805
L1,397,799878,799881,6249.046875,6249.0703125,0.09418158752804237,7.551844296873427
L1,398,803047,803056,6273.8046875,6273.875,0.12812170130383202,10.95567982467012
L1,399,806406,806410,6300.046875,6300.078125,0.1474657238703967,12.895681313691112
L1,400,808501,808513,6316.4140625,6316.5078125,0.49196020283493236,47.444845007589635
L1,401,813555,813558,6355.8984375,6355.921875,0.0819575849306548,6.325905733209941
L1,402,815995,815998,6374.9609375,6374.984375,0.08376573227682516,6.5072438458940605
L1,403,832604,832607,6504.71875,6504.7421875,0.08897217665360858,7.029395317166801
L1,404,848679,848682,6630.3046875,6630.328125,0.0812930050635169,6.2592553802451265
L1,405,851964,851968,6655.96875,6656.0,0.1463556224092558,12.784349842681554
L1,406,852946,852950,6663.640625,6663.671875,0.13621259028189472,11.767110674222355
L1,407,856736,856739,6693.25,6693.2734375,0.0806465399495764,6.194421746013722
L1,408,861361,861365,6729.3828125,6729.4140625,0.09937896120022173,8.073086072121063
L1,409,861725,861729,6732.2265625,6732.2578125,0.0792382910605635,6.053189231825109
L1,410,869277,869280,6791.2265625,6791.25,0.0895423203122341,7.086574714207062
L1,411,893400,893404,6979.6875,6979.71875,0.11530544225545608,9.670344184062271
L1,412,895760,895765,6998.125,6998.1640625,0.18540010576917854,16.700099816382984
L1,413,896830,896835,7006.484375,7006.5234375,0.08119205403609955,6.24913105668037
L1,414,897008,897013,7007.875,7007.9140625,0.08922192404825151,7.054442347370531
L1,415,897568,897583,7012.25,7012.3671875,0.1216399237092325,10.305625879491174
L1,416,899750,899753,7029.296875,7029.3203125,0.08233572939178942,6.363829635290898
L1,417,900007,900012,7031.3046875,7031.34375,0.08393798018843969,6.52451849514879
L1,418,902127,902133,7047.8671875,7047.9140625,0.11577717629357397,9.717654133852779
L1,419,903684,903689,7060.03125,7060.0703125,0.08275672023637712,6.4060505778354955
L1,420,903779,903784,7060.7734375,7060.8125,0.12124291120312759,10.265809711455123
L1,421,904009,904013,7062.5703125,7062.6015625,0.08127333467287219,6.257282647479278
L1,422,904105,904110,7063.3203125,7063.359375,0.09569856392340624,7.703981033464212
L1,423,908127,908132,7094.7421875,7094.78125,0.10448788715382633,8.585457473838833
L1,424,909599,909603,7106.2421875,7106.2734375,0.1726822701781245,15.424635010711457
L1,425,910749,910754,7115.2265625,7115.265625,0.12405374407660204,10.547706609639832
L1,426,917499,917504,7167.9609375,7168.0,0.3887122416405877,37.09016320517991
L1,427,926097,926102,7235.1328125,7235.171875,0.12580679139141615,10.723518770185072
L1,428,941234,941240,7353.390625,7353.4375,0.3324354645751263,31.446195879945016
L1,429,947528,947531,7402.5625,7402.5859375,0.09655055264478266,7.789426518363315
L1,430,952089,952092,7438.1953125,7438.21875,0.08667857001865324,6.799370756777137
L1,431,958274,958278,7486.515625,7486.546875,0.15744406540349806,13.896403752137608
L1,432,959885,959889,7499.1015625,7499.1328125,0.08381133842846626,6.5118176620063934
L1,433,966382,966386,7549.859375,7549.890625,0.09378213540811584,7.511783461295748
L1,434,969519,969523,7574.3671875,7574.3984375,0.090645270278067,7.1971889656466725
L1,435,974518,974522,7613.421875,7613.453125,0.22668909918019162,20.840950480814794
L1,436,976878,976881,7631.859375,7631.8828125,0.10080111136032276,8.215712737216885
L1,437,977818,977823,7639.203125,7639.2421875,0.11727294047969897,9.867663509530532
L1,438,983035,983040,7679.9609375,7680.0,0.17139573471540592,15.295609069764389
L1,439,994655,994659,7770.7421875,7770.7734375,0.08221843264724583,6.352066008656943
L1,440,996566,996571,7785.671875,7785.7109375,0.07889360078194793,6.018620431490835
L1,441,996744,996747,7787.0625,7787.0859375,0.07975027357909964,6.104535679798635
L1,442,997624,997628,7793.9375,7793.96875,0.08032238398941334,6.16191232129467
L1,443,997719,997725,7794.6796875,7794.7265625,0.14413449162532918,12.561593845923367
L1,444,998270,998274,7798.984375,7799.015625,0.08918892558136086,7.051132949096053
L1,445,1001984,1001988,7828.0,7828.03125,0.0920176905128994,7.334828243618742
L1,446,1004099,1004103,7844.5234375,7844.5546875,0.0815277829588084,6.282801127510847
L1,447,1005785,1005788,7857.6953125,7857.71875,0.094840966785258,7.617973083501236
L1,448,1009834,1009839,7889.328125,7889.3671875,0.08542147490192804,6.673297372097406
L1,449,1010188,1010192,7892.09375,7892.125,0.08408907694303908,6.5396719063847595
L1,450,1010660,1010668,7895.78125,7895.84375,0.07963653260848651,6.093128659795796
L1,451,1014729,1014732,7927.5703125,7927.59375,0.08832221784322274,6.9642113020214556
L1,452,1022169,1022173,7985.6953125,7985.7265625,0.08438884008911227,6.569734989062339
L1,453,1028558,1028562,8035.609375,8035.640625,0.10042745346014363,8.178238789890907
L1,454,1030083,1030087,8047.5234375,8047.5546875,0.12377040078585441,10.519290265311085
L1,455,1030207,1030213,8048.4921875,8048.5390625,0.08264954637511499,6.395302169653216
L1,456,1030604,1030608,8051.59375,8051.625,0.07904507698779889,6.033811897686188
L1,457,1030855,1030860,8053.5546875,8053.59375,0.14557076677901631,12.705637098933886
L1,458,1032609,1032612,8067.2578125,8067.28125,0.12184787943506173,10.326481645988077
L1,459,1034372,1034377,8081.03125,8081.0703125,0.09169298110462379,7.302263313889874
L1,460,1040049,1040054,8125.3828125,8125.421875,0.08126561906173695,6.256508853040217
L1,461,1040232,1040239,8126.8125,8126.8671875,0.08109183805743551,6.239080450754797
L1,462,1043021,1043024,8148.6015625,8148.625,0.08096639829638633,6.22650016542994
L1,463,1043378,1043385,8151.390625,8151.4453125,0.10432593887409967,8.569215769057266
L1,464,1044371,1044375,8159.1484375,8159.1796875,0.08392787514964571,6.523505066311046
L1,465,1045278,1045283,8166.234375,8166.2734375,0.1392633223021046,12.073066927191212
L1,466,1047352,1047357,8182.4375,8182.4765625,0.14133122495967293,12.280455758600413
L1,467,1048081,1048087,8188.1328125,8188.1796875,0.07956708028888844,6.086163324484975
L1,468,1048571,1048576,8191.9609375,8192.0,0.3432369848821405,32.529474469348536
L1,469,1050911,1050915,8210.2421875,8210.2734375,0.07879126755688656,6.008357488077063
L1,470,1050975,1050980,8210.7421875,8210.78125,0.08357379003130168,6.487994062616554
L1,471,1060904,1060907,8288.3125,8288.3359375,0.08242000580219092,6.372281670595635
L1,472,1063291,1063299,8306.9609375,8307.0234375,0.08538816134575415,6.669956373690299
L1,473,1063397,1063401,8307.7890625,8307.8203125,0.11785132057681613,9.925668934501802
L1,474,1064797,1064803,8318.7265625,8318.7734375,0.08547343654704953,6.678508577189871
L1,475,1065272,1065277,8322.4375,8322.4765625,0.08829219355098748,6.96120018210352
L1,476,1065353,1065357,8323.0703125,8323.1015625,0.08910234045986297,7.042449374412713
L1,477,1066914,1066918,8335.265625,8335.296875,0.08056817017591786,6.1865620840913556
L1,478,1068208,1068212,8345.375,8345.40625,0.08226101084754978,6.356336153178602
L1,479,1070972,1070975,8366.96875,8366.9921875,0.08363315209790241,6.493947451949125
L1,480,1071112,1071117,8368.0625,8368.1015625,0.08682525294280627,6.814081507361282
L1,481,1071340,1071361,8369.84375,8370.0078125,0.09331004920029444,7.46443819259746
L1,482,1072285,1072288,8377.2265625,8377.25,0.08131911455063555,6.261873886489805
L1,483,1072865,1072870,8381.7578125,8381.796875,0.10692840977414096,8.830216158394101
L1,484,1073949,1073954,8390.2265625,8390.265625,0.19772799387011442,17.936457000624372
L1,485,1076290,1076295,8408.515625,8408.5546875,0.08920805478755371,7.053051406767937
L1,486,1079932,1079936,8436.96875,8437.0,0.09044828609556381,7.177433529255159
L1,487,1080458,1080463,8441.078125,8441.1171875,0.09829435792519413,7.964311800311253
L1,488,1080794,1080798,8443.703125,8443.734375,0.10972883338877781,9.111069117678559
L1,489,1085008,1085011,8476.625,8476.6484375,0.08068662938932938,6.198442294095031
L1,490,1088414,1088418,8503.234375,8503.265625,0.08624703104465256,6.7560919480779065
L1,491,1089986,1089993,8515.515625,8515.5703125,0.08507723876876369,6.638774117763119
L1,492,1090338,1090343,8518.265625,8518.3046875,0.13363511037197182,11.508616617675141
L1,493,1092009,1092011,8531.3203125,8531.3359375,0.09859043225861576,7.994004933976826
L1,494,1094156,1094160,8548.09375,8548.125,0.09062230267668173,7.194885557411215
L1,495,1094645,1094648,8551.9140625,8551.9375,0.10502280581566638,8.639104175133966
L1,496,1096262,1096268,8564.546875,8564.59375,0.0798234088757838,6.111870378875781
L1,497,1096326,1096332,8565.046875,8565.09375,0.08749243805338673,6.880993138772215
L1,498,1096740,1096745,8568.28125,8568.3203125,0.12919600916790644,11.063421575322009
L1,499,1097767,1097770,8576.3046875,8576.328125,0.08191844346120321,6.321980256553924
L1,500,1098963,1098967,8585.6484375,8585.6796875,0.08998683634308781,7.131154984871162
L1,501,1101256,1101263,8603.5625,8603.6171875,0.0881229441426047,6.9442262511050075
L1,502,1102818,1102822,8615.765625,8615.796875,0.09582224800584277,7.716385242737094
L1,503,1103413,1103417,8620.4140625,8620.4453125,0.07985044926865183,6.11458224515112
L1,504,1104034,1104037,8625.265625,8625.2890625,0.07941085295161973,6.070495369907061
L1,505,1104306,1104310,8627.390625,8627.421875,0.08071720848477304,6.201509054924609
L1,506,1107858,1107865,8655.140625,8655.1953125,0.08589311635058598,6.720598036141395
L1,507,1111708,1111713,8685.21875,8685.2578125,0.2892091258245425,27.11104990642835
L1,508,1114123,1114127,8704.0859375,8704.1171875,0.17629326607759474,15.786779823028281
L1,509,1121311,1121315,8760.2421875,8760.2734375,0.08868763339665009,7.000858628880233
L1,510,1123172,1123175,8774.78125,8774.8046875,0.10085350907441096,8.22096767542855
L1,511,1126092,1126096,8797.59375,8797.625,0.14416728398096237,12.564882573412078
L1,512,1127210,1127213,8806.328125,8806.3515625,0.09462344871579809,7.596158314768978
L1,513,1134402,1134406,8862.515625,8862.546875,0.20236581989031077,18.40158204656765
L1,514,1150066,1150071,8984.890625,8984.9296875,0.11787952504252767,9.9284975450087
L1,515,1157668,1157673,9044.28125,9044.3203125,0.1435359287480876,12.501564300924361
L1,516,1163614,1163618,9090.734375,9090.765625,0.11942317406355948,10.0833092647026
L1,517,1164707,1164711,9099.2734375,9099.3046875,0.10125743951804256,8.261477639651849
L1,518,1179642,1179648,9215.953125,9216.0,0.4864937977876665,46.896622222241064
L1,519,1183119,1183131,9243.1171875,9243.2109375,0.532344250896305,51.494939195712355
L1,520,1183825,1183829,9248.6328125,9248.6640625,0.12740977902740336,10.884281527258803
L1,521,1186183,1186193,9267.0546875,9267.1328125,0.10116005064526155,8.25171056263573
L1,522,1189166,1189169,9290.359375,9290.3828125,0.07976705840253245,6.106219020600196
L1,523,1191996,1191999,9312.46875,9312.4921875,0.08460118519906386,6.59103096450255
L1,524,1200718,1200723,9380.609375,9380.6484375,0.14647516688782602,12.796338893336992
L1,525,1209666,1209671,9450.515625,9450.5546875,0.13648081253643407,11.794010538064239
L1,526,1224005,1224009,9562.5390625,9562.5703125,0.09432362063648851,7.566088719972483
L1,527,1227546,1227550,9590.203125,9590.234375,0.14703495398257757,12.85247963622621
L1,528,1231667,1231670,9622.3984375,9622.421875,0.08643188533124534,6.774630883814147
L1,529,1239823,1239827,9686.1171875,9686.1484375,0.08139878561192938,6.269864053840472
L1,530,1242941,1242944,9710.4765625,9710.5,0.08598373561492768,6.729686192813666
L1,531,1245179,1245184,9727.9609375,9728.0,0.13513041592872316,11.658579997662768
L1,532,1246400,1246405,9737.5,9737.5390625,0.1324056751902716,11.385317232816288
L1,533,1251577,1251581,9777.9453125,9777.9765625,0.11300276407828921,9.439409843644306
L1,534,1254937,1254941,9804.1953125,9804.2265625,0.10233773423233276,8.36981980825162
L1,535,1260698,1260702,9849.203125,9849.234375,0.1507495905744856,13.225018517147978
L1,536,1263836,1263838,9873.71875,9873.734375,0.07953161804872735,6.0826068357309016
L1,537,1265063,1265067,9883.3046875,9883.3359375,0.10593581290873312,8.730669159301101
L1,538,1269866,1269870,9920.828125,9920.859375,0.1026688050852686,8.403022723801207
L1,539,1275856,1275860,9967.625,9967.65625,0.13430436342530472,11.575735641938577
L1,540,1287911,1287915,10061.8046875,10061.8359375,0.13373787286319727,11.518922611958745
L1,541,1288131,1288135,10063.5234375,10063.5546875,0.12062444826342267,10.20378440002865
L1,542,1294913,1294918,10116.5078125,10116.546875,0.08415727961412305,6.546511915126624
L1,543,1305837,1305841,10201.8515625,10201.8828125,0.08071504900464323,6.201292481838379
L1,544,1307406,1307409,10214.109375,10214.1328125,0.08816485625834601,6.948429594368611
L1,545,1310715,1310720,10239.9609375,10240.0,0.287170976414285,26.90664501198922
L1,546,1317285,1317288,10291.2890625,10291.3125,0.09036027991434019,7.168607437265793
L1,547,1320293,1320298,10314.7890625,10314.828125,0.1544070885520014,13.59182699754834
L1,548,1323131,1323136,10336.9609375,10337.0,0.12528913293271546,10.67160308526339
L1,549,1324434,1324449,10347.140625,10347.2578125,0.5840666983885776,56.682155288204676
L1,550,1329545,1329558,10387.0703125,10387.171875,0.5050888125459619,48.76150612605813
L1,551,1338338,1338342,10455.765625,10455.796875,0.08664836697222877,6.796341709698907
L1,552,1343215,1343220,10493.8671875,10493.90625,0.20619702922074098,18.78581194395376
L1,553,1364894,1364898,10663.234375,10663.265625,0.13809200879169817,11.955596533095079
L1,554,1366388,1366392,10674.90625,10674.9375,0.08791953665996584,6.923826625440826
L1,555,1373245,1373249,10728.4765625,10728.5078125,0.10525625792874103,8.66251696042314
L1,556,1376250,1376256,10751.953125,10752.0,0.45882225177609115,44.121457941841726
L1,557,1377544,1377548,10762.0625,10762.09375,0.12774186424335054,10.917586172722407
L1,558,1382681,1382685,10802.1953125,10802.2265625,0.14775535801816617,12.924728564644763
L1,559,1388946,1388962,10851.140625,10851.265625,0.5788167267028865,56.15563848682527
L1,560,1409748,1409753,11013.65625,11013.6953125,0.14283084759717551,12.430852096265628
L1,561,1413141,1413146,11040.1640625,11040.203125,0.17189555892575373,15.34573616763076
L1,562,1413481,1413485,11042.8203125,11042.8515625,0.08454104258313858,6.584999294303283
L1,563,1419807,1419811,11092.2421875,11092.2734375,0.11990338663351023,10.131469521833468
L1,564,1425500,1425503,11136.71875,11136.7421875,0.09057229411269982,7.189870225762648
L1,565,1429486,1429489,11167.859375,11167.8828125,0.08143851690181071,6.27384868326619
L1,566,1441786,1441792,11263.953125,11264.0,0.41385630429298753,39.61184755587986
L1,567,1443504,1443508,11277.375,11277.40625,0.25636253514956214,23.81688321491164
L1,568,1457296,1457310,11385.125,11385.234375,0.537806500446716,52.042745228544305
L1,569,1470966,1470970,11491.921875,11491.953125,0.18451368010566363,16.611200669310143
L1,570,1474118,1474123,11516.546875,11516.5859375,0.0997614417243612,8.111444835599483
L1,571,1477272,1477276,11541.1875,11541.21875,0.14766245003859452,12.915410873968447
L1,572,1477433,1477438,11542.4453125,11542.484375,0.1355896196161918,11.704633285410317
L1,573,1481640,1481643,11575.3125,11575.3359375,0.08449521334682113,6.580403105150247
L1,574,1485993,1485997,11609.3203125,11609.3515625,0.18011919456547595,16.17048010759094
L1,575,1504015,1504019,11750.1171875,11750.1484375,0.10407307916361706,8.543856606392849
L1,576,1504614,1504618,11754.796875,11754.828125,0.12147247427715227,10.28883246713583
L1,577,1505798,1505803,11764.046875,11764.0859375,0.12862530346067078,11.006185810732712
L1,578,1507322,1507328,11775.953125,11776.0,0.3874333746703843,36.96190633317116
L1,579,1512766,1512770,11818.484375,11818.515625,0.09870450213097993,8.005444939357167
L1,580,1522942,1522945,11897.984375,11898.0078125,0.08095848080079983,6.225706124109203
L1,581,1524880,1524890,11913.125,11913.203125,0.16614052477637925,14.76856692681055
L1,582,1529280,1529311,11947.5,11947.7421875,0.09035417184812121,7.167994862630963
L1,583,1529672,1529675,11950.5625,11950.5859375,0.08146083738135933,6.276087192005051
L1,584,1534154,1534158,11985.578125,11985.609375,0.12036047303033773,10.177310467655628
L1,585,1535757,1535762,11998.1015625,11998.140625,0.09674170967508988,7.808597552834389
L1,586,1548566,1548570,12098.171875,12098.203125,0.1650363230310365,14.657827135085578
L1,587,1550392,1550396,12112.4375,12112.46875,0.1539622109312929,13.547210463234617
L1,588,1555232,1555236,12150.25,12150.28125,0.12681394216424477,10.824525372727676
L1,589,1561299,1561303,12197.6484375,12197.6796875,0.11920277967041644,10.061206031034521
L1,590,1572858,1572864,12287.953125,12288.0,0.5213089436196132,50.38821423843331
L1,591,1581896,1581900,12358.5625,12358.59375,0.11882492605356319,10.023311297568158
L1,592,1583249,1583259,12369.1328125,12369.2109375,0.4599502343591993,44.23458270083585
L1,593,1589560,1589564,12418.4375,12418.46875,0.09255081852103644,7.3882953612291375
L1,594,1596897,1596900,12475.7578125,12475.78125,0.10213425194308759,8.349412680273629
L1,595,1598154,1598157,12485.578125,12485.6015625,0.09136653659840327,7.269524372132994
L1,596,1599711,1599716,12497.7421875,12497.78125,0.2307566618782538,21.248884128729696
L1,597,1602442,1602445,12519.078125,12519.1015625,0.08855960267678864,6.988018497707054
L1,598,1611448,1611451,12589.4375,12589.4609375,0.09600596468954434,7.734810088898879
L1,599,1613477,1613480,12605.2890625,12605.3125,0.0859096534775011,6.722256535594083
L1,600,1617565,1617568,12637.2265625,12637.25,0.07940109241350672,6.0695164908550066
L1,601,1617962,1617969,12640.328125,12640.3828125,0.19011808104343603,17.173262987369153
L1,602,1628660,1628664,12723.90625,12723.9375,0.14704553152066505,12.85354045176079
L1,603,1630196,1630199,12735.90625,12735.9296875,0.10472584960031803,8.609322598010207
L1,604,1631246,1631250,12744.109375,12744.140625,0.07962213564994915,6.09168479666424
L1,605,1636238,1636257,12783.109375,12783.2578125,0.7013861567159262,68.44805987516423
L1,606,1638394,1638400,12799.953125,12800.0,0.3942428754219337,37.644827455292315
L1,607,1638700,1638704,12802.34375,12802.375,0.1139566936633994,9.535078922253307
L1,608,1647874,1647879,12874.015625,12874.0546875,0.07910794071546842,6.040116466700447
L1,609,1655908,1655911,12936.78125,12936.8046875,0.08313031197502907,6.443517889857942
L1,610,1655995,1655999,12937.4609375,12937.4921875,0.08969545445045017,7.101932453536452
L1,611,1656102,1656106,12938.296875,12938.328125,0.10821961959626479,8.959710888300405
L1,612,1657087,1657091,12945.9921875,12946.0234375,0.08060054948116951,6.189809386982237
L1,613,1658549,1658552,12957.4140625,12957.4375,0.08440996154704714,6.571853248576509
L1,614,1660751,1660755,12974.6171875,12974.6484375,0.1127841175958928,9.417481906993144
L1,615,1662493,1662497,12988.2265625,12988.2578125,0.08698475908430249,6.8300782914296345
L1,616,1664182,1664185,13001.421875,13001.4453125,0.08326209180822053,6.456734017565333
L1,617,1664379,1664383,13002.9609375,13002.9921875,0.09162661722197103,7.295607716238428
L1,618,1670016,1670019,13047.0,13047.0234375,0.08382735359801663,6.513423814639213
L1,619,1670103,1670106,13047.6796875,13047.703125,0.08411116468691941,6.541887074190191
L1,620,1670203,1670208,13048.4609375,13048.5,0.0814858347785584,6.278594167357308
L1,621,1672602,1672606,13067.203125,13067.234375,0.09566593382380142,7.7007085785442255
L1,622,1675879,1675883,13092.8046875,13092.8359375,0.08474763635677002,6.605718471355951
L1,623,1677540,1677544,13105.78125,13105.8125,0.08405806171806862,6.536561406362442
L1,624,1678072,1678075,13109.9375,13109.9609375,0.08188019052954236,6.318143890869067
L1,625,1678448,1678452,13112.875,13112.90625,0.07995339056264517,6.124906171466943
L1,626,1680292,1680300,13127.28125,13127.34375,0.10351610074426727,8.48799754403015
L1,627,1681237,1681242,13134.6640625,13134.703125,0.15612771058798292,13.764387244537305
L1,628,1682602,1682605,13145.328125,13145.3515625,0.08272615226162135,6.402984932293651
L1,629,1683069,1683083,13148.9765625,13149.0859375,0.08257357845847614,6.387683388663377
L1,630,1683745,1683750,13154.2578125,13154.296875,0.11181296845423583,9.320085888435328
L1,631,1683816,1683821,13154.8125,13154.8515625,0.11529816869791776,9.669614722937716
L1,632,1685874,1685878,13170.890625,13170.921875,0.10362428601941019,8.49884738635975
L1,633,1689203,1689210,13196.8984375,13196.953125,0.07877668008394273,6.006894518359431
L1,634,1690871,1690875,13209.9296875,13209.9609375,0.09189703543310376,7.322727811371208
L1,635,1692684,1692687,13224.09375,13224.1171875,0.0818017845329045,6.310280596163832
L1,636,1694439,1694442,13237.8046875,13237.828125,0.08519022172766713,6.650105117184383
L1,637,1695385,1695395,13245.1953125,13245.2734375,0.18627984038347772,16.788327921773725
L1,638,1695909,1695913,13249.2890625,13249.3203125,0.10562901426030805,8.699900489923975
L1,639,1698184,1698189,13267.0625,13267.1015625,0.09185124696134078,7.31813571047314
L1,640,1700165,1700168,13282.5390625,13282.5625,0.09530388026309199,7.664398424104286
L1,641,1701817,1701820,13295.4453125,13295.46875,0.07952098091213995,6.081540043095219
L1,642,1702732,1702735,13302.59375,13302.6171875,0.09228060546318545,7.3611958408072615
L1,643,1703930,1703936,13311.953125,13312.0,0.4716473756497966,45.40768263095435
L1,644,1704842,1704849,13319.078125,13319.1328125,0.08555445117755639,6.686633490365244
L1,645,1705197,1705203,13321.8515625,13321.8984375,0.09317152963800004,7.450546141128591
L1,646,1705824,1705827,13326.75,13326.7734375,0.08036000525719202,6.165685337752769
L1,647,1707671,1707676,13341.1796875,13341.21875,0.12176176317394417,10.317845093056956
L1,648,1709771,1709776,13357.5859375,13357.625,0.08305818629185391,6.436284444369809
L1,649,1710526,1710530,13363.484375,13363.515625,0.09247595888137491,7.380787728733817
L1,650,1711151,1711160,13368.3671875,13368.4375,0.10156851845493399,8.292675576828348
L1,651,1712342,1712346,13377.671875,13377.703125,0.07875227751091071,6.0044471975989655
L1,652,1712701,1712704,13380.4765625,13380.5,0.07983404311325325,6.112936880760501
L1,653,1712917,1712921,13382.1640625,13382.1953125,0.12918727295754737,11.062545425542579
L1,654,1714558,1714565,13394.984375,13395.0390625,0.09035346894054747,7.167924368413173
L1,655,1717592,1717597,13418.6875,13418.7265625,0.13254162417863383,11.398951482825357
L1,656,1719949,1719953,13437.1015625,13437.1328125,0.11189288949631317,9.32810112622264
L1,657,1733095,1733099,13539.8046875,13539.8359375,0.10630578147964745,8.76777310580421
L1,658,1734503,1734507,13550.8046875,13550.8359375,0.13646455409957517,11.79237998828552
L1,659,1740969,1740971,13601.3203125,13601.3359375,0.08355690193927726,6.486300365064177
L1,660,1751849,1751853,13686.3203125,13686.3515625,0.09596411269811933,7.730612775470215
L1,661,1752182,1752185,13688.921875,13688.9453125,0.08617382561993837,6.748750215898821
L1,662,1752273,1752278,13689.6328125,13689.671875,0.11491162095701082,9.63084806050457
L1,663,1752979,1752985,13695.1484375,13695.1953125,0.3430770075121183,32.51343042602793
L1,664,1758502,1758508,13738.296875,13738.34375,0.3993352478750259,38.15553871545824
L1,665,1760027,1760030,13750.2109375,13750.234375,0.07961215511935602,6.090683854686155
L1,666,1760294,1760298,13752.296875,13752.328125,0.13554223703366347,11.699881312011698
L1,667,1769466,1769472,13823.953125,13824.0,0.24922249309220756,23.100812285234248
L1,668,1775194,1775198,13868.703125,13868.734375,0.12477484707805091,10.620025636963875
L1,669,1777836,1777839,13889.34375,13889.3671875,0.09373456086633179,7.507012236407909
L1,670,1792137,1792141,14001.0703125,14001.1015625,0.1319217908579194,11.336788736633713
L1,671,1792438,1792443,14003.421875,14003.4609375,0.1281688917836353,10.960412532191059
L1,672,1792574,1792579,14004.484375,14004.5234375,0.16545985415686312,14.700302841052267
L1,673,1800221,1800227,14064.2265625,14064.2734375,0.1448944005627192,12.63780469943039
L1,674,1806674,1806678,14114.640625,14114.671875,0.10436090858835922,8.572722862656889
L1,675,1807506,1807515,14121.140625,14121.2109375,0.1807921971690011,16.237975172201264
L1,676,1812001,1812004,14156.2578125,14156.28125,0.10122225052813995,8.257948555017396
L1,677,1814229,1814234,14173.6640625,14173.703125,0.10353314877932675,8.489707282182414
L1,678,1821717,1821721,14232.1640625,14232.1953125,0.12606823843933346,10.749739152244405
L1,679,1824553,1824562,14254.3203125,14254.390625,0.10694127579906862,8.83150648502764
L1,680,1828975,1828979,14288.8671875,14288.8984375,0.10080292393519166,8.215894519363411
L1,681,1835002,1835007,14335.953125,14335.9921875,0.22910366324275144,21.08310579574909
L1,682,1838369,1838373,14362.2578125,14362.2890625,0.1794364399289903,16.10200701690568
L1,683,1858347,1858356,14518.3359375,14518.40625,0.10938334532184887,9.076420307588789
L1,684,1864194,1864199,14564.015625,14564.0546875,0.09441419603341117,7.575172477205185
L1,685,1864327,1864338,14565.0546875,14565.140625,0.2062277519483868,18.788893109578673
L1,686,1865579,1865582,14574.8359375,14574.859375,0.11110944316488305,9.249529720285102
L1,687,1870603,1870606,14614.0859375,14614.109375,0.07959810372070743,6.089274647567662
L1,688,1871121,1871125,14618.1328125,14618.1640625,0.16164928253614283,14.318142688334282
L1,689,1877259,1877264,14666.0859375,14666.125,0.12545418806935604,10.688156375032952
L1,690,1886920,1886924,14741.5625,14741.59375,0.08001939709681363,6.131525930833502
L1,691,1900539,1900543,14847.9609375,14847.9921875,0.2011106887027557,18.275705623274895
L1,692,1914242,1914245,14955.015625,14955.0390625,0.07918826974621083,6.048172621448801
L1,693,1918087,1918100,14985.0546875,14985.15625,0.6400485597555595,62.296545678641394
L1,694,1931065,1931069,15086.4453125,15086.4765625,0.17834892063131663,15.992940298772675
L1,695,1951610,1951613,15246.953125,15246.9765625,0.08432113134272227,6.562944515759059
L1,696,1953190,1953194,15259.296875,15259.328125,0.09423057884409945,7.556757609281579
L1,697,1966075,1966080,15359.9609375,15360.0,0.24539053831685423,22.716507627582747
L1,698,1970783,1970786,15396.7421875,15396.765625,0.08651462810539057,6.782929111573916
L1,699,1972619,1972624,15411.0859375,15411.125,0.27695410751140787,25.882000793522828
L1,700,1977773,1977776,15451.3515625,15451.375,0.08683756638995031,6.815316416269821
L1,701,1987313,1987318,15525.8828125,15525.921875,0.10480200550550518,8.616960232269186
L1,702,1989490,1989494,15542.890625,15542.921875,0.10425824195729798,8.562426482136953
L1,703,1995792,1995796,15592.125,15592.15625,0.09341683853058594,7.475148036378097
L1,704,1996652,1996655,15598.84375,15598.8671875,0.08028588338805259,6.158251695861344
L1,705,2010975,2010980,15710.7421875,15710.78125,0.14171933764950062,12.319379368908596
L1,706,2015087,2015090,15742.8671875,15742.890625,0.08150002674791652,6.280017472235708
L1,707,2015753,2015757,15748.0703125,15748.1015625,0.11778062958264643,9.918579373192737
L1,708,2021648,2021652,15794.125,15794.15625,0.16313189714182838,14.466833299750636
L1,709,2027147,2027157,15837.0859375,15837.1640625,0.17314039466976472,15.470580066497073
L1,710,2031611,2031616,15871.9609375,15872.0,0.23060762641243854,21.23393744302337
L1,711,2033020,2033024,15882.96875,15883.0,0.1213095326979221,10.272491144887978
L1,712,2034540,2034544,15894.84375,15894.875,0.13232010245941436,11.376735190238982
L1,713,2037891,2037894,15921.0234375,15921.046875,0.08275382895975529,6.4057606132775975
L1,714,2042302,2042306,15955.484375,15955.515625,0.10195240235453744,8.331175084067816
L1,715,2052650,2052653,16036.328125,16036.3515625,0.08040284473370904,6.169981685523555
L1,716,2053427,2053430,16042.3984375,16042.421875,0.08290978258657611,6.421401117583746
L1,717,2053913,2053916,16046.1953125,16046.21875,0.08078162029526789,6.20796888032238
L1,718,2055604,2055607,16059.40625,16059.4296875,0.08256006472284937,6.386328103476547
L1,719,2057381,2057386,16073.2890625,16073.328125,0.20109768538912665,18.274401528032254
L1,720,2064659,2064663,16130.1484375,16130.1796875,0.0947393172872338,7.607778710699686
L1,721,2065887,2065890,16139.7421875,16139.765625,0.09073926771289871,7.206615917197736
L1,722,2078604,2078609,16239.09375,16239.1328125,0.22697742522597572,20.869866542932687
L1,723,2082574,2082577,16270.109375,16270.1328125,0.10615247771606263,8.752398354838963
L1,724,2083493,2083496,16277.2890625,16277.3125,0.08499513216241247,6.630539690924973
L1,725,2091809,2091813,16342.2578125,16342.2890625,0.09400103251633417,7.533736533074107
L1,726,2094765,2094768,16365.3515625,16365.375,0.07943645136413623,6.073062620758206
L1,727,2097146,2097152,16383.953125,16384.0,0.4490163847674062,43.13803287952445
L1,728,2097952,2097955,16390.25,16390.2734375,0.09141581271260586,7.274466246792066
L1,729,2103971,2103975,16437.2734375,16437.3046875,0.07919338922008509,6.048686050695737
L1,730,2105451,2105455,16448.8359375,16448.8671875,0.14078210419314502,12.225384735960178
L1,731,2105865,2105871,16452.0703125,16452.1171875,0.1897426683692195,17.13561305471056
L1,732,2106590,2106594,16457.734375,16457.765625,0.07874198507859433,6.0034149751669075
L1,733,2109687,2109691,16481.9296875,16481.9609375,0.13206922183686978,11.351574509226117
L1,734,2120699,2120702,16567.9609375,16567.984375,0.08359126978176376,6.489747097271443
L1,735,2130176,2130179,16642.0,16642.0234375,0.09042921237946557,7.175520636654645
L1,736,2132362,2132372,16659.078125,16659.15625,0.19465263611202327,17.628031045813845
L1,737,2138849,2138853,16709.7578125,16709.7890625,0.09848586469064627,7.983517909529554
L1,738,2140651,2140655,16723.8359375,16723.8671875,0.09274592217057191,7.407862199993402
L1,739,2141016,2141019,16726.6875,16726.7109375,0.09029882991696425,7.162444650492801
L1,740,2150992,2150996,16804.625,16804.65625,0.11664607640274144,9.804795652624007
L1,741,2161087,2161090,16883.4921875,16883.515625,0.11978057086412758,10.119152395203898
L1,742,2162682,2162688,16895.953125,16896.0,0.4592714207659162,44.166504855227195
L1,743,2171507,2171511,16964.8984375,16964.9296875,0.16185412908415966,14.33868663708155
L1,744,2179850,2179855,17030.078125,17030.1171875,0.17745642069806697,15.903431966496004
L1,745,2183823,2183832,17061.1171875,17061.1875,0.2038832501539394,18.553764301359543
L1,746,2185304,2185310,17072.6875,17072.734375,0.10846092437765024,8.983911213418141
L1,747,2191059,2191064,17117.6484375,17117.6875,0.1555981258343118,13.711275477987744
L1,748,2191812,2191816,17123.53125,17123.5625,0.09413859101861483,7.54753220035756
L1,749,2196654,2196657,17161.359375,17161.3828125,0.09574598629796434,7.708736997583827
L1,750,2207100,2207103,17242.96875,17242.9921875,0.09574807269472915,7.70894624117918
L1,751,2208175,2208180,17251.3671875,17251.40625,0.13106544861434216,11.250906639363885
L1,752,2208619,2208623,17254.8359375,17254.8671875,0.11980589991189529,10.121692631611076
L1,753,2224521,2224525,17379.0703125,17379.1015625,0.10627309006069126,8.76449450119987
L1,754,2228218,2228224,17407.953125,17408.0,0.688458233309041,67.15152547685058
L1,755,2228399,2228404,17409.3671875,17409.40625,0.1715168109095865,15.307751735344263
L1,756,2234515,2234524,17457.1484375,17457.21875,0.18139641598324494,16.298571948042166
L1,757,2247911,2247916,17561.8046875,17561.84375,0.14800640493757067,12.94990592347915
L1,758,2248823,2248826,17568.9296875,17568.953125,0.08738636777260236,6.8703554080750715
L1,759,2262884,2262892,17678.78125,17678.84375,0.08746919047025119,6.8786616513194945
L1,760,2263490,2263496,17683.515625,17683.5625,0.14455464880362975,12.60373118053002
L1,761,2269507,2269510,17730.5234375,17730.546875,0.10376262258747188,8.51272108543667
L1,762,2272855,2272859,17756.6796875,17756.7109375,0.1013973710008872,8.275511291863811
L1,763,2275133,2275137,17774.4765625,17774.5078125,0.09636388354092737,7.770705575592114
L1,764,2276805,2276808,17787.5390625,17787.5625,0.08243912353849625,6.374198977958746
L1,765,2280809,2280812,17818.8203125,17818.84375,0.0803102659914446,6.160697013877487
L1,766,2285971,2285980,17859.1484375,17859.21875,0.19171734982558583,17.333652782616706
L1,767,2286800,2286810,17865.625,17865.703125,0.09352619431326277,7.486115268270849
L1,768,2293752,2293759,17919.9375,17919.9921875,0.20053604895011168,18.218075315413955
L1,769,2300578,2300582,17973.265625,17973.296875,0.10118071798837804,8.253783279222061
L1,770,2304417,2304420,18003.2578125,18003.28125,0.0842226391042098,6.553066782794587
L1,771,2310090,2310095,18047.578125,18047.6171875,0.2792683429262096,26.11409420300947
L1,772,2311760,2311763,18060.625,18060.6484375,0.08279376114597421,6.409765390487611
L1,773,2312933,2312935,18069.7890625,18069.8046875,0.08791774886849553,6.923647328807847
L1,774,2322283,2322288,18142.8359375,18142.875,0.15122403318714106,13.272600108403848
L1,775,2327485,2327488,18183.4765625,18183.5,0.0920909556511472,7.342175964435596
L1,776,2327588,2327592,18184.28125,18184.3125,0.09156459692693787,7.289387734623962
L1,777,2331914,2331919,18218.078125,18218.1171875,0.14857833209717133,13.007264186860967
L1,778,2336660,2336670,18255.15625,18255.234375,0.16641674726697528,14.796269129969867
L1,779,2338496,2338500,18269.5,18269.53125,0.09018977880134792,7.151507973493636
L1,780,2339149,2339153,18274.6015625,18274.6328125,0.12740256292755292,10.883557828534476
L1,781,2344989,2344992,18320.2265625,18320.25,0.08068913809788672,6.198693891110078
L1,782,2345415,2345418,18323.5546875,18323.578125,0.08747197345040399,6.87894075488349
L1,783,2348030,2348034,18343.984375,18344.015625,0.0859336274772379,6.724660874972159
L1,784,2359291,2359296,18431.9609375,18432.0,0.24344202510851268,22.521092299020555
L1,785,2360760,2360765,18443.4375,18443.4765625,0.1853422425931423,16.694296749968874
L1,786,2361353,2361356,18448.0703125,18448.09375,0.09066168635582239,7.198835325145051
L1,787,2369690,2369693,18513.203125,18513.2265625,0.08150088120475561,6.280103165246789
L1,788,2377582,2377586,18574.859375,18574.890625,0.13267483351526374,11.412310974654126
L1,789,2379371,2379375,18588.8359375,18588.8671875,0.11325288422507668,9.464494256957622
L1,790,2386590,2386598,18645.234375,18645.296875,0.1374632795639264,11.8925416212291
L1,791,2397900,2397904,18733.59375,18733.625,0.1258873010701415,10.73159304202126
L1,792,2407169,2407172,18806.0078125,18806.03125,0.09291704194401082,7.425023708884845
L1,793,2407886,2407890,18811.609375,18811.640625,0.11303791799286272,9.442935410593106
L1,794,2414257,2414260,18861.3828125,18861.40625,0.10676349610304134,8.813677056126602
L1,795,2424828,2424832,18943.96875,18944.0,0.10716511631128164,8.853955328100593
L1,796,2426728,2426731,18958.8125,18958.8359375,0.10264669169632216,8.400804984066065
L1,797,2435741,2435750,19029.2265625,19029.296875,0.18525438852681492,16.685485913499615
L1,798,2437208,2437211,19040.6875,19040.7109375,0.08894249382223221,7.026418442172451
L1,799,2442311,2442314,19080.5546875,19080.578125,0.08029013484556878,6.158678072220424
L1,800,2446711,2446716,19114.9296875,19114.96875,0.14971764531783893,13.121525289325602
L1,801,2456675,2456678,19192.7734375,19192.796875,0.18547924285740117,16.708036431865125
L1,802,2459842,2459847,19217.515625,19217.5546875,0.10658088968049348,8.795363557451308
L1,803,2462852,2462855,19241.03125,19241.0546875,0.08132171590562466,6.262134774965042
L1,804,2468428,2468431,19284.59375,19284.6171875,0.07926244836085626,6.055611954316122
L1,805,2482580,2482595,19395.15625,19395.2734375,0.6024462086177852,58.52542636015688
L1,806,2483756,2483762,19404.34375,19404.390625,0.13295318373709364,11.440226566820188
L1,807,2490363,2490368,19455.9609375,19456.0,0.2561826007283573,23.798837689795945
L1,808,2506496,2506500,19582.0,19582.03125,0.10533217764155425,8.670130907077557
L1,809,2509220,2509224,19603.28125,19603.3125,0.10984279974128086,9.1224987411084
L1,810,2510253,2510257,19611.3515625,19611.3828125,0.13125938122758932,11.270356035536505
L1,811,2516136,2516140,19657.3125,19657.34375,0.09661650841096177,7.796041186235869
L1,812,2522321,2522325,19705.6328125,19705.6640625,0.11287074086115102,9.426169307093438
L1,813,2530182,2530193,19767.046875,19767.1328125,0.5686138288344708,55.13239541579679
L1,814,2530984,2530993,19773.3125,19773.3828125,0.16073970505795782,14.22692165837597
L1,815,2538099,2538103,19828.8984375,19828.9296875,0.11224585554301852,9.3634998988319
L1,816,2538945,2538949,19835.5078125,19835.5390625,0.0961124372312862,7.745488162128389
L1,817,2546679,2546682,19895.9296875,19895.953125,0.07879806562201036,6.009039262326305
L1,818,2547019,2547023,19898.5859375,19898.6171875,0.10106236150275175,8.241913371732023
L1,819,2551663,2551666,19934.8671875,19934.890625,0.11011256206908385,9.149553058059215
L1,820,2555899,2555904,19967.9609375,19968.0,0.26039624194303224,24.221421472591917
L1,821,2559808,2559811,19998.5,19998.5234375,0.0838082968598679,6.51151262474801
L1,822,2563710,2563712,20028.984375,20029.0,0.08425849460542945,6.556662711486066
L1,823,2580908,2580914,20163.34375,20163.390625,0.48303652930370145,46.54989464870987
L1,824,2589170,2589173,20227.890625,20227.9140625,0.10051150974252478,8.18666874867636
L1,825,2589878,2589883,20233.421875,20233.4609375,0.08150534504781133,6.2805508416359705
L1,826,2601003,2601006,20320.3359375,20320.359375,0.08994503818212567,7.126963070070305
L1,827,2603256,2603260,20337.9375,20337.96875,0.09778309770061555,7.91303779080539
L1,828,2607725,2607729,20372.8515625,20372.8828125,0.09124092811821409,7.2569271660574675
L1,829,2608724,2608728,20380.65625,20380.6875,0.08990305288444748,7.122752387430105
L1,830,2609952,2609955,20390.25,20390.2734375,0.08642963147280118,6.774404845578167
L1,831,2612595,2612598,20410.8984375,20410.921875,0.08671858709852069,6.803384047924931
L1,832,2614882,2614886,20428.765625,20428.796875,0.09335217654833039,7.468663121390682
L1,833,2619808,2619811,20467.25,20467.2734375,0.0914707267400361,7.279973544698498
L1,834,2621434,2621440,20479.953125,20480.0,0.6085935418917645,59.14193906654926
L1,835,2621620,2621626,20481.40625,20481.453125,0.2553030707291514,23.710630105141483
L1,836,2623698,2623703,20497.640625,20497.6796875,0.17237912712347858,15.394232958843716
L1,837,2629288,2629294,20541.3125,20541.359375,0.296266402149491,27.818820305874493
L1,838,2637585,2637588,20606.1328125,20606.15625,0.07879951939364196,6.009185060291558
L1,839,2644347,2644350,20658.9609375,20658.984375,0.08632452148761746,6.7638634224038645
L1,840,2666012,2666016,20828.21875,20828.25,0.07989449933986706,6.1190000028049365
L1,841,2668291,2668296,20846.0234375,20846.0625,0.16079814165316,14.232782232685963
L1,842,2672626,2672630,20879.890625,20879.921875,0.08958487784933215,7.090842786427056
L1,843,2679208,2679217,20931.3125,20931.3828125,0.1470176487220345,12.850744101070275
L1,844,2682947,2682951,20960.5234375,20960.5546875,0.07991114495992938,6.120669382976277
L1,845,2684150,2684154,20969.921875,20969.953125,0.10645703006438148,8.782941744001702
L1,846,2686970,2686976,20991.953125,20992.0,0.40778794775908467,39.003255383741354
L1,847,2691941,2691954,21030.7890625,21030.890625,0.08983626907249909,7.116054675298278
L1,848,2696059,2696062,21062.9609375,21062.984375,0.08629156204820117,6.760557938173537
L1,849,2697175,2697179,21071.6796875,21071.7109375,0.0843519819510047,6.566038506463379
L1,850,2712076,2712081,21188.09375,21188.1328125,0.14995503881669842,13.145333354048775
L1,851,2715505,2715508,21214.8828125,21214.90625,0.08212590302485147,6.342786263215895
L1,852,2719219,2719222,21243.8984375,21243.921875,0.09802456422485495,7.937254337025866
L1,853,2721104,2721107,21258.625,21258.6484375,0.08401605266121738,6.532348340927716
L1,854,2729892,2729902,21327.28125,21327.359375,0.1886702328749283,17.028059083004592
L1,855,2742167,2742170,21423.1796875,21423.203125,0.08876893516150759,7.009012338603269
L1,856,2745381,2745386,21448.2890625,21448.328125,0.1923831050171604,17.40042100822923
L1,857,2752506,2752512,21503.953125,21504.0,0.5016275477254267,48.4143777621086
L1,858,2753130,2753134,21508.828125,21508.859375,0.08640793395021323,6.772228812853647
L1,859,2761142,2761145,21571.421875,21571.4453125,0.08270004869532582,6.400367019845098
L1,860,2764769,2764798,21599.7578125,21599.984375,1.2887849033879217,127.3579602989989
