stroke_hash,H_event_index,L_event_index,H_onset_s,L_onset_s,H_site_arrival_resid_ms,L_site_arrival_resid_ms,predicted_diff_ms,geometry_residual_ms,abs_geometry_residual_ms,within_1_sample,within_2_samples,source_bearing_H_deg,source_bearing_L_deg,energy_j,energy_unc_j,nstn,resid_us,nstn_energy,qc50,H_axis_deg_mod180,L_axis_deg_mod180,H_expected_mag_axis_deg_mod180,L_expected_mag_axis_deg_mod180,H_axial_residual_deg,L_axial_residual_deg,waveform_envelope_corr_fixed_geometry_lag
9fd7a2041552fc1509fb,420,93,1708.6640625,1708.6640625,-41.28340604279401,-29.808100015088712,11.47530602761391,-11.47530602761391,11.47530602761391,False,True,127.61693320887912,209.76219566102932,31.17,2.25,5,10.7,5,True,40.876884394267876,18.228733167430192,37.61693320887912,119.7621956610293,3.2599511853887577,78.4665375064009,0.7049589067855563
0782de3e4fcba9006b15,654,146,2626.5625,2626.5625,-32.83811981555118,-21.62162670674661,11.216493109131537,-11.216493109131537,11.216493109131537,False,True,128.59668099056688,212.7390745774807,7570.63,6044.27,6,3.1,4,False,43.407648691742594,27.974366855965656,38.59668099056688,122.73907457748066,4.810967701175713,85.23529227848499,0.9533557955275431
b4606032a7f35f6b2655,1098,265,4689.03125,4689.0703125,-34.54956328459957,-8.944438020989764,-13.45737473610991,-25.60512526389009,25.60512526389009,False,False,296.9383899558754,315.9157051849382,7929.85,1269.59,6,5.2,6,True,33.643026123018586,143.9168771036691,26.93838995587538,45.91570518493819,6.704636167143207,81.9988280812691,0.14679415594433962
59f616c4cf2adb564802,1113,275,4762.578125,4762.609375,-22.678059322061017,-4.888016075710766,-13.459956753334064,-17.790043246665935,17.790043246665935,False,False,294.62410727725637,312.1702359637003,10117.32,1538.52,6,6.6,6,True,27.36627378435969,149.07799324434876,24.62410727725637,42.17023596370029,2.7421665071033203,73.09224271935153,0.35952438323749325
bd99a69a7092adfdaca0,1573,409,6732.1953125,6732.2265625,-23.0353134284087,5.030580893617298,-3.1841056788096815,-28.065894321190317,28.065894321190317,False,False,358.29169418200354,45.074429122346544,1092.7,77.66,9,24.0,5,True,101.47136679615949,157.2830010654377,88.29169418200354,135.07442912234654,13.179672614155947,22.208571943091158,0.26448421552574775
b94c504c5cad66f3fc57,1821,441,7787.0625,7787.0625,-35.215016796428245,-23.19558234557917,12.019434450337378,-12.019434450337378,12.019434450337378,False,True,125.59843109475759,201.32451225822763,289.29,96.98,7,15.4,7,True,32.503633612025624,5.114317462300704,35.598431094757586,111.32451225822763,3.0947974827319626,73.78980520407308,0.32634062399925173
2f96126fa6190046e61c,1954,473,8307.796875,8307.7890625,21.423642667286913,26.122934386876295,12.511791720086794,-4.699291720086793,4.699291720086793,True,True,120.7024979327818,214.37881848250785,94.32,27.67,10,5.3,9,True,53.44913387601122,30.218259633763097,30.702497932781796,124.37881848250788,22.74663594322942,85.83944115125522,0.7022939039952267
b5083385fc128ac52496,1983,486,8436.9765625,8436.96875,-29.52307837222179,-25.658858265160234,11.676720107642723,-3.8642201076427227,3.8642201076427227,True,True,126.99758326239214,206.39159569537637,34946.72,3708.82,8,16.5,4,True,43.03330966923096,25.122529236928756,36.99758326239214,116.3915956953764,6.035726406838819,88.73093354155236,0.6152986040029832
315665357ed31f2847c6,1997,489,8476.640625,8476.625,-8.267490042271675,-29.142274885089137,-5.249784843571817,20.874784843571817,20.874784843571817,False,False,343.13746543838585,44.42712460848833,535.71,190.32,5,1.3,4,True,85.101591122493,170.22075078541252,73.13746543838585,134.42712460848833,11.96412568410716,35.79362617692419,0.21652940450317526
718dc041101d8775250d,2004,492,8518.2265625,8518.265625,-15.765811322125955,36.047185602001264,12.750496923363954,-51.812996923363954,51.812996923363954,False,False,131.65315815469978,156.37491767297843,160.85,38.33,5,16.3,5,True,158.80096017992844,171.26071859918227,41.65315815469978,66.37491767297843,62.85219797477134,75.11419907379616,0.08612841815484937
df680e227cb9d3dbf90a,2111,515,9044.2890625,9044.28125,-28.681694464467,-23.65852496768639,12.835669496906378,-5.0231694969063785,5.0231694969063785,True,True,119.15567942302914,210.55441828605944,71.66,5.4,5,11.7,5,True,40.269544804628225,26.927683147155022,29.15567942302914,120.55441828605944,11.113865381599084,86.37326486109558,0.6824429154904149
bbcb0d620b24403bdfc7,2122,516,9090.7421875,9090.734375,-30.365699367393972,-26.607861691445578,11.570337676555502,-3.757837676555501,3.757837676555501,True,True,127.63565394388962,206.77674627471197,5518.23,2159.28,13,14.6,12,True,48.5291074726822,22.547235774005514,37.63565394388962,116.77674627471197,10.893453528792577,85.77048949929355,0.8398371611956799
a9d8c980fa7c90e32bcf,2203,525,9450.5,9450.515625,-19.233194552725763,-16.78609256305208,-13.177898011573424,-2.447101988426577,2.447101988426577,True,True,304.648594424665,329.74969079462,974.29,136.29,7,16.2,6,True,40.881792412873125,37.4162492827742,34.64859442466502,59.749690794619994,6.233197988208104,22.33344151184579,0.6847223769863341
217d2a7ec3bba729709d,2338,542,10116.5078125,10116.5078125,-37.7706244798901,-25.9783098117623,11.792314669285075,-11.792314669285075,11.792314669285075,False,True,126.60752336180167,204.4244939890807,181.88,34.81,6,24.5,6,True,45.42495704651941,16.59414614156313,36.60752336180167,114.4244939890807,8.817433684717741,82.16965215248243,0.5014133894014516
22e9379a4e1fdd0be308,2631,577,11764.046875,11764.046875,-43.594087053861585,-31.100460950256092,12.49362610333679,-12.49362610333679,12.49362610333679,False,True,137.1891364254733,156.72219823771957,2466.63,1065.99,11,19.6,2,True,62.87886790716817,49.54695313393597,47.18913642547329,66.72219823771957,15.689731481694878,17.175245103783595,0.33936335764262643
203036a63f65dcdbbe59,2727,593,12418.4296875,12418.4375,-45.509014400522574,-25.340488004076178,12.356026396376798,-20.168526396376798,20.168526396376798,False,False,138.31365816523754,158.70974624895223,3358.68,1283.08,6,25.8,5,True,66.37143858262965,81.96841899708693,48.31365816523754,68.70974624895223,18.05778041739211,13.2586727481347,0.6068707824730152
deab8ad479b031af5ca3,2854,629,13148.921875,13148.9765625,-34.08436893369071,8.199033723940374,-12.404097341638366,-42.28340265836163,42.28340265836163,False,False,275.37356049570815,287.0393376599757,848.13,236.05,5,6.7,4,True,3.644044929904794,133.76245744047299,5.373560495708148,17.039337659975672,1.7295155658033536,63.27688021950269,0.5211495487721326
ef871173abec03399ba2,2922,658,13550.8125,13550.8046875,42.79660037718713,47.124131613600184,12.140031236120972,-4.327531236120972,4.327531236120972,True,True,90.24909323283373,107.03760843985378,20609.29,17010.32,6,6.7,6,False,33.288762197811934,15.812010449564013,0.24909323283372942,17.037608439853784,33.039668964978205,1.2255979902897707,0.5525033802345168
f7c11ef6ed5774fa0442,3115,690,14741.578125,14741.5625,-14.78657745064993,-18.396422592559247,12.0151548576812,3.6098451423187994,3.6098451423187994,True,True,125.9345201110242,199.7430919709613,1221.64,146.09,10,22.4,8,True,45.86352231238527,36.311600787326,35.9345201110242,109.7430919709613,9.929002201361072,73.4314911836353,0.5801573381550212
ad7786bd31456bf1237c,3142,692,14955.0078125,14955.015625,-40.274930268424214,-19.75620452685689,12.706225741651783,-20.51872574165178,20.51872574165178,False,False,132.13256230473155,157.09029007101026,528.05,143.65,14,12.6,10,True,57.04320998337374,73.07073847884351,42.13256230473155,67.09029007101026,14.910647678642192,5.980448407833251,0.6548952176457776
0752a632bb712853f96c,3268,707,15748.078125,15748.0703125,-30.067529587540776,-25.782484941373696,12.097544647636584,-4.2850446476365835,4.2850446476365835,True,True,124.38027974743665,205.17148124684354,1012.96,336.3,11,14.7,11,True,33.873068695179,31.26396128577568,34.380279747436646,115.17148124684354,0.5072110522576452,83.90751996106786,0.34072942487198
ad16a6ac542ca821a46e,3323,716,16042.375,16042.3984375,-43.58411232533399,-24.132729220582405,-3.9861168958231983,-19.451383104176802,19.451383104176802,False,False,222.5385787149884,240.67822036546318,2965.63,810.17,13,20.6,6,True,132.80016064241727,171.99524367639003,132.53857871498838,150.67822036546318,0.2615819274288924,21.317023310926857,0.5767037892627799
3556c8b8af3464ccfad9,3324,717,16046.1875,16046.1953125,-37.94328940603009,-17.749445689332788,12.381343715053069,-20.193843715053067,20.193843715053067,False,False,138.06488702569425,158.40389254798708,0.0,0.0,7,5.6,0,False,64.35899528522799,82.22435832756105,48.06488702569425,68.40389254798708,16.294108259533743,13.820465779573965,0.5749077561105941
c8d8eff003e78702f520,3415,731,16452.109375,16452.0703125,31.3438712801144,1.3231775919848587,9.04180631196251,30.02069368803749,30.02069368803749,False,False,64.20551884169208,88.34266832776433,6991.14,1722.14,7,10.1,7,True,20.30501253227783,48.7324967798404,154.20551884169208,178.34266832776433,46.099493690585746,50.389828452076074,0.729864292764901
98f951551953a48f6cf2,3437,734,16567.96875,16567.9609375,37.693079397286056,42.51770949122147,12.637130093097516,-4.8246300930975154,4.8246300930975154,True,True,132.63936992460367,158.4685954372926,602.37,178.8,8,15.2,4,True,52.77850074720783,14.581121137347196,42.63936992460367,68.4685954372926,10.139130822604159,53.88747429994541,0.5193240911840904
4c71ca1fb7dd15db76c9,3509,741,16883.4921875,16883.4921875,46.328856307809474,34.18877378862817,-12.140082521086732,12.140082521086732,12.140082521086732,False,True,274.1452755515833,282.2541078260553,202.25,29.08,5,2.7,3,True,49.53354257698828,22.763203120636803,4.145275551583325,12.254107826055304,45.38826702540496,10.509095294581499,0.47122422887971765
d8a4e90c20c5413e68be,3785,784,18431.953125,18431.9609375,12.57856096708565,33.650021305220434,13.258960336151551,-21.071460336151553,21.071460336151553,False,False,125.32750932331942,144.42807378969667,1175.29,128.98,6,7.3,2,True,155.2359573031182,112.10255956280912,35.32750932331942,54.42807378969667,60.09155202020122,57.67448577311245,0.533594936266911
0b509f600b8dc2c4faad,4146,829,20380.6640625,20380.65625,-21.288359774189303,-17.019600731146056,12.081259042739587,-4.268759042739586,4.268759042739586,True,True,126.1274575889745,196.2521671377026,95.32,16.93,7,14.3,7,True,68.18933045636032,25.90104016579744,36.127457588974494,106.2521671377026,32.06187286738583,80.35112697190516,0.6787502015233511
bc1a4f210572403e616c,4156,831,20410.8984375,20410.8984375,17.245776234631194,29.953265064250445,12.707488831659422,-12.707488831659422,12.707488831659422,False,True,132.50049224726672,156.55244143829032,87.88,7.61,5,12.6,5,True,61.77384687117535,18.065335602918736,42.50049224726672,66.55244143829032,19.27335462390863,48.48710583537158,0.7312821558636793
e6a6af7ff43e28d62505,4274,844,20960.5234375,20960.5234375,-36.80355248070555,-24.045250032941112,12.75830244841368,-12.75830244841368,12.75830244841368,False,True,131.61272129726092,156.18354166701795,777.25,274.06,7,21.0,4,True,51.587285717750035,71.03856944588057,41.61272129726092,66.18354166701795,9.974564420489116,4.85502777886262,0.6381387052033236
